file,N,step_rms_lsb,flat_pct,sigma_bitstream_lsb,sigma_corner_lsb,R_top1,Rc_top1,R_top2,Rc_top2,top1_gradient_share,snr_top1,snr_top2
amalexia_statue_paramh.dds,4096,0.6653,75.317,0.3120,0.2955,1.0408,1.1607,5.0914,5.6783,0.42778,0.0897,3.8094
tx_ac_dirt_01_paramh.dds,1024,2.4698,93.299,0.5122,0.5884,1.2195,0.9242,4.4087,3.3413,0.18160,0.3839,3.6105
tx_ac_dirt_02_paramh.dds,4096,1.0378,54.081,0.3380,0.3897,1.6672,1.2538,11.6803,8.7840,0.42451,0.8462,10.2734
tx_ac_dirt_grass_01_paramh.dds,4096,0.9800,57.725,0.3279,0.3535,1.4078,1.2112,8.4509,7.2709,0.41902,0.5414,7.0824
tx_ac_dirt_grass_02_paramh.dds,4096,1.3948,60.016,0.3559,0.4639,2.3090,1.3592,19.3725,11.4039,0.39780,1.6152,18.4891
tx_ac_dirtroad_01_paramh.dds,4096,0.8212,61.777,0.3173,0.3457,1.4560,1.2265,8.7390,7.3613,0.49567,0.5483,7.1783
tx_ac_rock_01_paramh.dds,4096,1.0893,69.220,0.3270,0.4184,2.0873,1.2747,13.7506,8.3975,0.47424,1.3351,12.3810
tx_ac_scrubplain_01_paramh.dds,4096,1.3014,45.652,0.3705,0.4177,1.4755,1.1611,10.6021,8.3428,0.31545,0.6668,9.5611
tx_ac_scrubplain_02_paramh.dds,4096,0.9948,59.129,0.3246,0.3488,1.4293,1.2373,9.6347,8.3410,0.42673,0.5694,8.2361
tx_ai_clover_02_paramh.dds,4096,3.6694,42.293,0.5757,1.2475,6.7002,1.4266,64.8028,13.7976,0.42725,6.6278,68.5092
tx_ai_dirt_01_paramh.dds,4096,5.1133,39.072,0.7597,1.6444,7.3336,1.5650,80.5120,17.1818,0.41418,7.3586,87.5584
tx_ai_dirtpatch_01_paramh.dds,4096,0.9800,57.725,0.3279,0.3535,1.4078,1.2112,8.4509,7.2709,0.41902,0.5414,7.0824
tx_ai_dirtroad_01_paramh.dds,4096,0.9988,72.120,0.3293,0.2879,1.2222,1.5997,11.4068,14.9301,0.35673,0.3431,9.9418
tx_ai_grass_01_paramh.dds,4096,0.9800,57.725,0.3279,0.3535,1.4078,1.2112,8.4509,7.2709,0.41902,0.5414,7.0824
tx_ai_grass_dirt_01_paramh.dds,4096,0.5961,78.133,0.3004,0.2584,0.8871,1.1987,4.4926,6.0704,0.54066,-0.0551,3.1467
tx_ai_mainroad_01_paramh.dds,4096,0.8155,71.750,0.3200,0.3343,1.3362,1.2242,7.6929,7.0484,0.42937,0.4201,6.2018
tx_ai_mudflats_01_paramh.dds,4096,0.5780,74.101,0.3078,0.2598,0.7864,1.1035,2.8444,3.9917,0.54638,-0.1489,1.5779
tx_ai_tilled_dirt_01_paramh.dds,4096,0.8233,71.075,0.3083,0.2905,1.0946,1.2323,6.2943,7.0859,0.47056,0.1642,4.8898
tx_akula_broken00_paramh.dds,4096,1.3297,75.726,0.3569,0.3749,1.8525,1.6784,22.0530,19.9806,0.32188,1.0944,21.0333
tx_ar_edge_01_paramh.dds,4096,0.3050,90.792,0.2904,0.1670,0.3762,1.1375,1.2999,3.9298,0.71409,-0.3847,-0.1543
tx_ar_edge_01a_paramh.dds,4096,2.0141,54.171,0.3901,0.8095,8.0973,1.8802,39.3978,9.1482,0.70298,8.1845,39.7857
tx_ar_outeredge_01_paramh.dds,4096,2.5737,23.219,0.5180,0.6856,3.1616,1.8046,53.2901,30.4169,0.33015,2.5893,54.8680
tx_ar_rib_01_paramh.dds,4096,2.5737,23.219,0.5180,0.6856,3.1616,1.8046,53.2901,30.4169,0.33015,2.5893,54.8680
tx_ar_rib_01a_paramh.dds,4096,2.5737,23.219,0.5180,0.6856,3.1616,1.8046,53.2901,30.4169,0.33015,2.5893,54.8680
tx_ar_shell_01_paramh.dds,4096,2.5737,23.219,0.5180,0.6856,3.1616,1.8046,53.2901,30.4169,0.33015,2.5893,54.8680
tx_ar_spots_01_paramh.dds,4096,2.5737,23.219,0.5180,0.6856,3.1616,1.8046,53.2901,30.4169,0.33015,2.5893,54.8680
tx_ashland_rock_03_paramh.dds,4096,0.4802,81.093,0.2969,0.2474,0.7804,1.1241,2.6876,3.8713,0.59501,-0.0403,1.1416
tx_ashlands_04_paramh.dds,4096,4.2132,60.139,0.6603,1.3383,6.4236,1.5638,64.3992,15.6774,0.39568,6.3161,68.7284
tx_ashlands_06_paramh.dds,4096,1.2233,45.909,0.3677,0.3693,1.1295,1.1195,7.6030,7.5360,0.26840,0.2732,6.5120
tx_ashlands_07_paramh.dds,4096,1.3552,37.313,0.3578,0.4643,2.7018,1.6043,29.1464,17.3071,0.45424,2.0567,28.1989
tx_ashlands_08_paramh.dds,4096,1.0891,70.580,0.3343,0.3461,1.5788,1.4724,12.9606,12.0876,0.38397,0.7661,11.6118
tx_ashlands_road_01_paramh.dds,4096,0.7497,77.316,0.3168,0.2823,1.0416,1.3111,7.8447,9.8748,0.37686,0.0997,6.3728
tx_ashtree_bark_01_paramh.dds,4096,2.1726,52.989,0.3922,0.7427,4.8160,1.3430,38.0144,10.6005,0.46859,4.4585,38.4712
tx_ashtree_bark_02_paramh.dds,4096,2.1726,52.989,0.3922,0.7427,4.8160,1.3430,38.0144,10.6005,0.46859,4.4585,38.4712
tx_ashtree_bark_03_paramh.dds,4096,1.1191,69.931,0.3241,0.3772,1.8473,1.3643,14.9036,11.0067,0.44863,1.0765,13.5669
tx_bark_01_paramh.dds,4096,3.4893,30.281,0.5276,0.8952,4.1453,1.4401,42.2710,14.6849,0.35532,3.7185,44.2009
tx_bark_02_paramh.dds,4096,2.7919,61.012,0.4350,0.9139,6.1198,1.3867,49.3751,11.1876,0.47213,5.9540,51.0377
tx_bark_04_paramh.dds,4096,1.4275,55.887,0.3418,0.3423,1.5533,1.5488,13.7398,13.7002,0.35695,0.7608,12.8706
tx_bark_05_paramh.dds,4096,3.4893,30.281,0.5276,0.8952,4.1453,1.4401,42.2710,14.6849,0.35532,3.7185,44.2009
tx_bark_06_paramh.dds,4096,5.2922,25.011,0.7394,1.2683,4.0287,1.3692,43.1515,14.6656,0.31329,3.5924,46.6144
tx_bc_bank_paramh.dds,4096,0.4802,81.093,0.2969,0.2474,0.7804,1.1241,2.6876,3.8713,0.59501,-0.0403,1.1416
tx_bc_bark_01_paramh.dds,4096,1.2848,65.813,0.3306,0.3067,1.3791,1.6030,13.4042,15.5801,0.36175,0.5573,12.3292
tx_bc_bark_02_paramh.dds,4096,1.4352,44.775,0.3422,0.4207,1.8171,1.2025,11.8585,7.8478,0.39365,1.0604,10.9812
tx_bc_bark_03_paramh.dds,4096,0.5112,90.093,0.2948,0.2044,0.6080,1.2648,3.7216,7.7425,0.55097,-0.3005,2.1613
tx_bc_bark_04_paramh.dds,4096,1.2848,65.813,0.3306,0.3067,1.3791,1.6030,13.4042,15.5801,0.36175,0.5573,12.3292
tx_bc_dirt_paramh.dds,4096,1.1788,56.047,0.3355,0.4210,2.1926,1.3920,20.1202,12.7740,0.44592,1.4686,18.7874
tx_bc_grass_paramh.dds,4096,0.9800,57.725,0.3279,0.3535,1.4078,1.2112,8.4509,7.2709,0.41902,0.5414,7.0824
tx_bc_mainroad_01_paramh.dds,4096,1.3238,71.511,0.3489,0.4599,2.4559,1.4132,22.0398,12.6824,0.41220,1.7762,21.0065
tx_bc_moss_paramh.dds,4096,0.4247,84.220,0.3101,0.2093,0.5257,1.1533,1.7769,3.8982,0.61856,-0.2140,0.2198
tx_bc_muck_01_paramh.dds,4096,0.7097,62.518,0.3136,0.2971,0.9218,1.0270,1.6893,1.8822,0.45224,-0.0306,0.5915
tx_bc_muck_paramh.dds,4096,1.0891,70.580,0.3343,0.3461,1.5788,1.4724,12.9606,12.0876,0.38397,0.7661,11.6118
tx_bc_mud_paramh.dds,4096,1.0891,70.580,0.3343,0.3461,1.5788,1.4724,12.9606,12.0876,0.38397,0.7661,11.6118
tx_bc_rock_01_paramh.dds,4096,0.9298,75.772,0.3362,0.4015,1.9050,1.3356,15.6527,10.9740,0.41103,1.0656,13.8528
tx_bc_rock_02_paramh.dds,4096,0.4802,81.093,0.2969,0.2474,0.7804,1.1241,2.6876,3.8713,0.59501,-0.0403,1.1416
tx_bc_rock_03_paramh.dds,4096,0.4247,84.220,0.3101,0.2093,0.5257,1.1533,1.7769,3.8982,0.61856,-0.2140,0.2198
tx_bc_rock_04_paramh.dds,4096,1.7728,46.911,0.4143,0.5471,2.4116,1.3825,24.3367,13.9515,0.34035,1.7422,24.0993
tx_bc_rockyscrub_paramh.dds,4096,0.9800,57.725,0.3279,0.3535,1.4078,1.2112,8.4509,7.2709,0.41902,0.5414,7.0824
tx_bc_scrub_paramh.dds,4096,5.1133,39.072,0.7597,1.6444,7.3336,1.5650,80.5120,17.1818,0.41418,7.3586,87.5584
tx_bc_scum_paramh.dds,4096,0.7431,59.074,0.3133,0.3054,1.0842,1.1417,5.6179,5.9156,0.47156,0.1440,4.2820
tx_bc_undergrowth_paramh.dds,4096,0.9800,57.725,0.3279,0.3535,1.4078,1.2112,8.4509,7.2709,0.41902,0.5414,7.0824
tx_bm_cobblestone_01_paramh.dds,4096,0.6487,66.332,0.3040,0.2928,1.0785,1.1620,5.5872,6.0197,0.55436,0.1274,4.2829
tx_bm_dirt_01_paramh.dds,4096,1.0891,70.580,0.3343,0.3461,1.5788,1.4724,12.9606,12.0876,0.38397,0.7661,11.6118
tx_bm_dirt_snow_01_paramh.dds,4096,0.6487,66.332,0.3040,0.2928,1.0785,1.1620,5.5872,6.0197,0.55436,0.1274,4.2829
tx_bm_grass_01_paramh.dds,4096,3.3323,39.409,0.5681,0.7457,3.4714,2.0149,62.6890,36.3876,0.28656,2.9509,65.8543
tx_bm_grass_02_paramh.dds,4096,6.5259,33.914,0.9404,2.1962,8.6938,1.5940,95.5901,17.5265,0.44433,8.9180,106.3124
tx_bm_grass_03_paramh.dds,4096,3.3323,39.409,0.5681,0.7457,3.4714,2.0149,62.6890,36.3876,0.28656,2.9509,65.8543
tx_bm_grass_dirt_01_paramh.dds,4096,3.3323,39.409,0.5681,0.7457,3.4714,2.0149,62.6890,36.3876,0.28656,2.9509,65.8543
tx_bm_grass_snow_01_paramh.dds,4096,0.6487,66.332,0.3040,0.2928,1.0785,1.1620,5.5872,6.0197,0.55436,0.1274,4.2829
tx_bm_grass_snow_02_paramh.dds,4096,0.6487,66.332,0.3040,0.2928,1.0785,1.1620,5.5872,6.0197,0.55436,0.1274,4.2829
tx_bm_grass_snow_02a_paramh.dds,4096,2.1948,49.644,0.4499,0.5596,2.8180,1.8214,38.4857,24.8751,0.30737,2.1943,38.9818
tx_bm_grass_snow_03_paramh.dds,4096,3.3323,39.409,0.5681,0.7457,3.4714,2.0149,62.6890,36.3876,0.28656,2.9509,65.8543
tx_bm_pine_needles_01_paramh.dds,4096,3.3323,39.409,0.5681,0.7457,3.4714,2.0149,62.6890,36.3876,0.28656,2.9509,65.8543
tx_bm_rock_01_paramh.dds,4096,0.5696,83.855,0.3014,0.2592,0.9205,1.2445,5.0957,6.8893,0.51173,0.0038,3.5796
tx_bm_rock_02_paramh.dds,4096,0.7550,78.040,0.3087,0.2919,1.1301,1.2635,7.1836,8.0321,0.46791,0.1938,5.7493
tx_bm_rock_03_paramh.dds,4096,0.7479,67.218,0.3115,0.3063,1.1151,1.1534,6.0844,6.2932,0.46029,0.1771,4.7190
tx_bm_rock_dirt_01_paramh.dds,4096,0.9800,57.725,0.3279,0.3535,1.4078,1.2112,8.4509,7.2709,0.41902,0.5414,7.0824
tx_bm_rock_snow_01_paramh.dds,4096,0.6487,66.332,0.3040,0.2928,1.0785,1.1620,5.5872,6.0197,0.55436,0.1274,4.2829
tx_bm_rock_snow_01a_paramh.dds,4096,0.6487,66.332,0.3040,0.2928,1.0785,1.1620,5.5872,6.0197,0.55436,0.1274,4.2829
tx_bm_rock_snow_02_paramh.dds,4096,0.6487,66.332,0.3040,0.2928,1.0785,1.1620,5.5872,6.0197,0.55436,0.1274,4.2829
tx_bm_rock_snow_02a_paramh.dds,4096,0.6487,66.332,0.3040,0.2928,1.0785,1.1620,5.5872,6.0197,0.55436,0.1274,4.2829
tx_bm_rock_snow_03_paramh.dds,4096,0.6487,66.332,0.3040,0.2928,1.0785,1.1620,5.5872,6.0197,0.55436,0.1274,4.2829
tx_bm_snow_01_paramh.dds,4096,0.6487,66.332,0.3040,0.2928,1.0785,1.1620,5.5872,6.0197,0.55436,0.1274,4.2829
tx_bm_snow_02_paramh.dds,4096,0.6487,66.332,0.3040,0.2928,1.0785,1.1620,5.5872,6.0197,0.55436,0.1274,4.2829
tx_bm_snow_03_paramh.dds,4096,0.6487,66.332,0.3040,0.2928,1.0785,1.1620,5.5872,6.0197,0.55436,0.1274,4.2829
tx_bm_snow_04_paramh.dds,4096,0.6487,66.332,0.3040,0.2928,1.0785,1.1620,5.5872,6.0197,0.55436,0.1274,4.2829
tx_bm_snow_05_paramh.dds,4096,0.6487,66.332,0.3040,0.2928,1.0785,1.1620,5.5872,6.0197,0.55436,0.1274,4.2829
tx_bm_snow_ice_01_paramh.dds,4096,0.6487,66.332,0.3040,0.2928,1.0785,1.1620,5.5872,6.0197,0.55436,0.1274,4.2829
tx_bm_snow_rock_01_paramh.dds,4096,0.6487,66.332,0.3040,0.2928,1.0785,1.1620,5.5872,6.0197,0.55436,0.1274,4.2829
tx_border_adobe_brown_01_paramh.dds,4096,0.8269,73.306,0.3099,0.4028,2.1972,1.3003,7.3228,4.3336,0.68885,1.3379,5.8506
tx_border_adobe_darkbrown_01_paramh.dds,4096,0.8269,73.306,0.3099,0.4028,2.1972,1.3003,7.3228,4.3336,0.68885,1.3379,5.8506
tx_coastal_rock_01_paramh.dds,4096,1.3517,63.171,0.3545,0.4594,2.3244,1.3841,20.0399,11.9329,0.39806,1.6295,19.0686
tx_cobblestone_01_paramh.dds,4096,1.7382,57.626,0.4011,0.5923,3.3466,1.5347,34.5348,15.8376,0.41999,2.8068,34.5977
tx_daed_road_02_paramh.dds,4096,1.0356,55.567,0.3406,0.3478,1.1825,1.1335,7.4815,7.1711,0.32441,0.3089,6.2184
tx_daed_road_paramh.dds,4096,1.5732,47.409,0.3862,0.4498,1.7839,1.3150,20.5097,15.1187,0.29404,1.0305,20.0314
tx_dirtroad_01_paramh.dds,4096,5.1578,24.181,0.8030,1.2661,5.2600,2.1161,83.6511,33.6531,0.35927,4.9954,91.0837
tx_ex_stronghold_ground00_paramh.dds,4096,0.6903,64.601,0.3057,0.2867,0.9959,1.1323,5.9533,6.7686,0.49921,0.0453,4.6151
tx_ex_stronghold_ground10_paramh.dds,4096,0.5736,71.877,0.3006,0.2776,0.9323,1.0928,2.8974,3.3961,0.58139,0.0131,1.6143
tx_ex_stronghold_plaster00_paramh.dds,4096,1.2711,65.631,0.3785,0.4081,1.7486,1.5046,19.3046,16.6104,0.28912,0.9738,18.1689
tx_ex_stronghold_trim02_paramh.dds,4096,0.3050,90.792,0.2904,0.1670,0.3762,1.1375,1.2999,3.9298,0.71409,-0.3847,-0.1543
tx_ex_stronghold_trim03_paramh.dds,4096,0.6903,64.601,0.3057,0.2867,0.9959,1.1323,5.9533,6.7686,0.49921,0.0453,4.6151
tx_gl_dirt_01_paramh.dds,4096,1.4495,40.011,0.3800,0.4305,1.7765,1.3839,23.7077,18.4687,0.31744,1.0151,22.9897
tx_gl_dirt_02_paramh.dds,4096,6.5259,33.914,0.9404,2.1962,8.6938,1.5940,95.5901,17.5265,0.44433,8.9180,106.3124
tx_gl_dirt_grass_01_paramh.dds,4096,0.9145,46.641,0.3295,0.3244,1.0589,1.0923,6.3748,6.5764,0.36103,0.1447,5.0346
tx_gl_dirt_grass_02_paramh.dds,4096,0.9145,46.641,0.3295,0.3244,1.0589,1.0923,6.3748,6.5764,0.36103,0.1447,5.0346
tx_gl_dirtroad_01_paramh.dds,4096,0.9988,72.120,0.3293,0.2879,1.2222,1.5997,11.4068,14.9301,0.35673,0.3431,9.9418
tx_gl_grass_01_paramh.dds,4096,0.7431,59.074,0.3133,0.3054,1.0842,1.1417,5.6179,5.9156,0.47156,0.1440,4.2820
tx_gl_grass_02_paramh.dds,4096,0.9800,57.725,0.3279,0.3535,1.4078,1.2112,8.4509,7.2709,0.41902,0.5414,7.0824
tx_gl_grass_07_paramh.dds,4096,3.3323,39.409,0.5681,0.7457,3.4714,2.0149,62.6890,36.3876,0.28656,2.9509,65.8543
tx_gl_grass_10_paramh.dds,4096,5.1133,39.072,0.7597,1.6444,7.3336,1.5650,80.5120,17.1818,0.41418,7.3586,87.5584
tx_gl_grass_12_paramh.dds,4096,0.7431,59.074,0.3133,0.3054,1.0842,1.1417,5.6179,5.9156,0.47156,0.1440,4.2820
tx_gl_rock_01_paramh.dds,4096,0.6812,79.038,0.3028,0.2715,0.9922,1.2346,5.2362,6.5149,0.50919,0.0405,3.9414
tx_gl_rock_02_paramh.dds,4096,0.4802,81.093,0.2969,0.2474,0.7804,1.1241,2.6876,3.8713,0.59501,-0.0403,1.1416
tx_gl_rock_03_paramh.dds,4096,0.7550,78.040,0.3087,0.2919,1.1301,1.2635,7.1836,8.0321,0.46791,0.1938,5.7493
tx_grass_01_paramh.dds,4096,0.5961,78.133,0.3004,0.2584,0.8871,1.1987,4.4926,6.0704,0.54066,-0.0551,3.1467
tx_grass_rocky_01_paramh.dds,4096,0.9800,57.725,0.3279,0.3535,1.4078,1.2112,8.4509,7.2709,0.41902,0.5414,7.0824
tx_imp_archtop_01_paramh.dds,4096,1.6998,48.158,0.4349,0.5120,1.9194,1.3851,25.9178,18.7027,0.25138,1.1842,25.6996
tx_imp_floor_01_paramh.dds,4096,1.4641,74.351,0.3667,0.4061,1.6144,1.3161,19.0622,15.5392,0.26492,0.8321,18.3191
tx_imp_floor_02_paramh.dds,4096,1.5073,45.624,0.3878,0.4870,2.0791,1.3185,19.4825,12.3553,0.33870,1.3621,18.8366
tx_imp_wall_01_paramh.dds,4096,1.6998,48.158,0.4349,0.5120,1.9194,1.3851,25.9178,18.7027,0.25138,1.1842,25.6996
tx_imp_wall_03_paramh.dds,4096,1.4641,74.351,0.3667,0.4061,1.6144,1.3161,19.0622,15.5392,0.26492,0.8321,18.3191
tx_land_darkgravel_paramh.dds,4096,3.5724,42.015,0.6118,1.0874,4.7602,1.5070,49.7402,15.7470,0.36102,4.4189,52.2638
tx_land_darkstone01_paramh.dds,4096,0.7550,78.040,0.3087,0.2919,1.1301,1.2635,7.1836,8.0321,0.46791,0.1938,5.7493
tx_land_darkstone02_paramh.dds,4096,0.7550,78.040,0.3087,0.2919,1.1301,1.2635,7.1836,8.0321,0.46791,0.1938,5.7493
tx_land_darkstone_grass_paramh.dds,4096,0.9800,57.725,0.3279,0.3535,1.4078,1.2112,8.4509,7.2709,0.41902,0.5414,7.0824
tx_land_roundstone_paramh.dds,4096,0.8986,70.520,0.3187,0.3537,1.5025,1.2196,8.5070,6.9057,0.46643,0.6194,7.0331
tx_ma_crackedearth01_paramh.dds,4096,4.2132,60.139,0.6603,1.3383,6.4236,1.5638,64.3992,15.6774,0.39568,6.3161,68.7284
tx_ma_crackedearth03_paramh.dds,4096,2.8824,61.526,0.5031,0.9950,5.4798,1.4010,45.3408,11.5920,0.42672,5.2291,46.8909
tx_ma_crackedearth_paramh.dds,4096,4.2132,60.139,0.6603,1.3383,6.4236,1.5638,64.3992,15.6774,0.39568,6.3161,68.7284
tx_ma_dirtash_paramh.dds,4096,0.9043,60.901,0.3196,0.3444,1.4909,1.2832,12.0711,10.3899,0.45377,0.6087,10.4088
tx_ma_lava02_paramh.dds,4096,1.0893,69.220,0.3270,0.4184,2.0873,1.2747,13.7506,8.3975,0.47424,1.3351,12.3810
tx_ma_lava03_paramh.dds,4096,0.5736,71.877,0.3006,0.2776,0.9323,1.0928,2.8974,3.3961,0.58139,0.0131,1.6143
tx_ma_lava04_paramh.dds,4096,0.5736,71.877,0.3006,0.2776,0.9323,1.0928,2.8974,3.3961,0.58139,0.0131,1.6143
tx_ma_lava05_paramh.dds,4096,0.5736,71.877,0.3006,0.2776,0.9323,1.0928,2.8974,3.3961,0.58139,0.0131,1.6143
tx_ma_lava05a_paramh.dds,4096,0.7550,78.040,0.3087,0.2919,1.1301,1.2635,7.1836,8.0321,0.46791,0.1938,5.7493
tx_ma_lava06_paramh.dds,4096,0.4802,81.093,0.2969,0.2474,0.7804,1.1241,2.6876,3.8713,0.59501,-0.0403,1.1416
tx_ma_lava06a_paramh.dds,4096,0.8012,61.676,0.3310,0.3089,0.9458,1.0858,3.9568,4.5424,0.40718,0.0037,2.7073
tx_ma_lava_paramh.dds,4096,0.4802,81.093,0.2969,0.2474,0.7804,1.1241,2.6876,3.8713,0.59501,-0.0403,1.1416
tx_ma_lavacrust_paramh.dds,4096,0.4802,81.093,0.2969,0.2474,0.7804,1.1241,2.6876,3.8713,0.59501,-0.0403,1.1416
tx_ma_lavaflow_paramh.dds,4096,0.5736,71.877,0.3006,0.2776,0.9323,1.0928,2.8974,3.3961,0.58139,0.0131,1.6143
tx_ma_lavarock_paramh.dds,4096,0.8986,70.520,0.3187,0.3537,1.5025,1.2196,8.5070,6.9057,0.46643,0.6194,7.0331
tx_ma_rock04_paramh.dds,4096,0.7550,78.040,0.3087,0.2919,1.1301,1.2635,7.1836,8.0321,0.46791,0.1938,5.7493
tx_ma_rock04a_paramh.dds,4096,0.7550,78.040,0.3087,0.2919,1.1301,1.2635,7.1836,8.0321,0.46791,0.1938,5.7493
tx_ma_sulphur_rock01_paramh.dds,4096,0.8957,70.498,0.3193,0.3579,1.5087,1.2008,7.9776,6.3496,0.46719,0.6252,6.5298
tx_ma_sulphur_rock02_paramh.dds,4096,0.8155,71.750,0.3200,0.3343,1.3362,1.2242,7.6929,7.0484,0.42937,0.4201,6.2018
tx_ma_sulphur_rock03_paramh.dds,4096,0.9950,57.257,0.3433,0.3226,1.0071,1.1404,7.1743,8.1240,0.31430,0.1059,5.8776
tx_ma_sulphur_rock05_paramh.dds,4096,0.5155,76.307,0.3036,0.2505,0.7469,1.0972,2.3512,3.4539,0.58150,-0.1441,1.0053
tx_ma_sulphur_rock06_paramh.dds,4096,0.6638,75.347,0.3069,0.2731,1.0371,1.3098,5.5644,7.0274,0.51629,0.0857,4.2566
tx_ma_sulphur_rock07_paramh.dds,4096,1.0893,69.220,0.3270,0.4184,2.0873,1.2747,13.7506,8.3975,0.47424,1.3351,12.3810
tx_ma_sulphur_rock07a_paramh.dds,4096,1.0893,69.220,0.3270,0.4184,2.0873,1.2747,13.7506,8.3975,0.47424,1.3351,12.3810
tx_ma_sulphur_rock08_paramh.dds,4096,0.9950,57.257,0.3433,0.3226,1.0071,1.1404,7.1743,8.1240,0.31430,0.1059,5.8776
tx_ma_sulphur_rock09_paramh.dds,4096,0.5155,76.307,0.3036,0.2505,0.7469,1.0972,2.3512,3.4539,0.58150,-0.1441,1.0053
tx_metal_iron_rusty_paramh.dds,4096,1.6575,29.231,0.3909,0.5581,3.2519,1.5948,36.4275,17.8655,0.45215,2.7022,36.5016
tx_rm_grayrock_01_paramh.dds,4096,0.4802,81.093,0.2969,0.2474,0.7804,1.1241,2.6876,3.8713,0.59501,-0.0403,1.1416
tx_rm_redrock_01_paramh.dds,4096,0.4802,81.093,0.2969,0.2474,0.7804,1.1241,2.6876,3.8713,0.59501,-0.0403,1.1416
tx_rm_rock_01_paramh.dds,4096,0.9298,75.772,0.3362,0.4015,1.9050,1.3356,15.6527,10.9740,0.41103,1.0656,13.8528
tx_rm_rock_02_paramh.dds,4096,0.9298,75.772,0.3362,0.4015,1.9050,1.3356,15.6527,10.9740,0.41103,1.0656,13.8528
tx_rm_rock_basalt_paramh.dds,4096,0.7550,78.040,0.3087,0.2919,1.1301,1.2635,7.1836,8.0321,0.46791,0.1938,5.7493
tx_rm_whiterock_01_paramh.dds,4096,0.4802,81.093,0.2969,0.2474,0.7804,1.1241,2.6876,3.8713,0.59501,-0.0403,1.1416
tx_rock_brown_02_paramh.dds,4096,0.9948,59.129,0.3246,0.3488,1.4293,1.2373,9.6347,8.3410,0.42673,0.5694,8.2361
tx_rock_cave_b_01_paramh.dds,4096,0.5610,74.637,0.2993,0.2729,0.9297,1.1182,2.8649,3.4459,0.60677,0.0216,1.5529
tx_rock_cave_l_01_paramh.dds,4096,1.0893,69.220,0.3270,0.4184,2.0873,1.2747,13.7506,8.3975,0.47424,1.3351,12.3810
tx_rock_cave_mo_01_paramh.dds,4096,0.7645,66.774,0.3124,0.2882,0.9767,1.1477,4.8313,5.6770,0.44110,0.0328,3.5366
tx_rock_cave_mu_01_paramh.dds,4096,0.7645,66.774,0.3124,0.2882,0.9767,1.1477,4.8313,5.6770,0.44110,0.0328,3.5366
tx_rock_cave_p_01_paramh.dds,4096,0.7645,66.774,0.3124,0.2882,0.9767,1.1477,4.8313,5.6770,0.44110,0.0328,3.5366
tx_rock_diamond_01_paramh.dds,4096,0.7645,66.774,0.3124,0.2882,0.9767,1.1477,4.8313,5.6770,0.44110,0.0328,3.5366
tx_rock_ebony_01_paramh.dds,4096,0.7645,66.774,0.3124,0.2882,0.9767,1.1477,4.8313,5.6770,0.44110,0.0328,3.5366
tx_rock_glass_01_paramh.dds,4096,0.7645,66.774,0.3124,0.2882,0.9767,1.1477,4.8313,5.6770,0.44110,0.0328,3.5366
tx_rock_grey_01_paramh.dds,4096,0.7431,59.074,0.3133,0.3054,1.0842,1.1417,5.6179,5.9156,0.47156,0.1440,4.2820
tx_rock_wg_01_paramh.dds,4096,0.4802,81.093,0.2969,0.2474,0.7804,1.1241,2.6876,3.8713,0.59501,-0.0403,1.1416
tx_rocky_mt_paramh.dds,4096,0.7550,78.040,0.3087,0.2919,1.1301,1.2635,7.1836,8.0321,0.46791,0.1938,5.7493
tx_rockyscrub_01_paramh.dds,4096,0.9800,57.725,0.3279,0.3535,1.4078,1.2112,8.4509,7.2709,0.41902,0.5414,7.0824
tx_rope_heavy_paramh.dds,4096,2.2380,46.623,0.3967,1.0498,5.5495,0.7923,51.1674,7.3049,0.43280,5.2916,52.2114
tx_sand_01_paramh.dds,4096,2.0932,29.445,0.5245,0.7741,3.2054,1.4716,25.4550,11.6866,0.37451,2.6328,25.3843
tx_sand_02_paramh.dds,4096,5.1578,24.181,0.8030,1.2661,5.2600,2.1161,83.6511,33.6531,0.35927,4.9954,91.0837
tx_scrubplain_01_paramh.dds,4096,0.9436,58.095,0.3368,0.3180,0.9363,1.0506,2.5993,2.9166,0.32508,0.0179,1.4718
tx_shack_foundation_paramh.dds,4096,1.6915,68.166,0.4319,0.6001,2.6840,1.3903,25.1105,13.0068,0.34914,2.0546,24.8645
tx_shack_thatch_paramh.dds,4096,3.2606,52.092,0.4532,0.5901,3.5719,2.1071,53.6076,31.6241,0.31362,3.0651,56.0995
tx_shack_thatch_strip_paramh.dds,4096,3.2606,52.092,0.4532,0.5901,3.5719,2.1071,53.6076,31.6241,0.31362,3.0651,56.0995
tx_stone_adobe_01_paramh.dds,4096,1.3759,75.373,0.3469,0.4322,2.1546,1.3881,19.6136,12.6363,0.39139,1.4390,18.6921
tx_stone_base03_paramh.dds,4096,1.5468,49.048,0.4039,0.4407,1.5501,1.3016,15.4250,12.9520,0.26703,0.7631,14.7723
tx_stone_base_paramh.dds,4096,0.5605,71.916,0.3004,0.2759,0.9038,1.0716,2.3014,2.7286,0.61747,-0.0063,1.0498
tx_stone_bluegrey_paramh.dds,4096,0.5983,69.132,0.3020,0.2747,0.8965,1.0841,2.6559,3.2115,0.56874,-0.0469,1.4571
tx_stone_darkgrey_01_paramh.dds,4096,0.8155,71.750,0.3200,0.3343,1.3362,1.2242,7.6929,7.0484,0.42937,0.4201,6.2018
tx_stone_hlaalu_floor_paramh.dds,4096,1.7728,46.911,0.4143,0.5471,2.4116,1.3825,24.3367,13.9515,0.34035,1.7422,24.0993
tx_stone_wall_02_paramh.dds,4096,1.5073,45.624,0.3878,0.4870,2.0791,1.3185,19.4825,12.3553,0.33870,1.3621,18.8366
tx_wall_adobe_brown_01_paramh.dds,4096,0.9183,63.668,0.3292,0.3035,0.9836,1.1577,4.7369,5.5755,0.36884,0.0641,3.4868
tx_wall_adobe_brown_02_paramh.dds,4096,2.1845,30.874,0.4902,0.5654,1.6665,1.2526,15.0067,11.2794,0.23629,0.8889,14.5862
tx_wg_cobblestones_01_paramh.dds,4096,1.7670,41.137,0.4198,0.4707,1.5247,1.2124,12.7247,10.1180,0.26025,0.7339,12.1223
tx_wg_dirtroad_01_paramh.dds,4096,0.5780,74.101,0.3078,0.2598,0.7864,1.1035,2.8444,3.9917,0.54638,-0.1489,1.5779
tx_wg_dirtscrub_01_paramh.dds,4096,1.2453,36.638,0.3707,0.3557,1.0158,1.1029,7.2696,7.8927,0.24900,0.1458,6.1990
tx_wg_mainroad_01_paramh.dds,4096,1.0312,56.640,0.3343,0.3432,1.3281,1.2603,10.8252,10.2719,0.37007,0.4688,9.4372
tx_wg_road_01_paramh.dds,4096,1.3759,75.373,0.3469,0.4322,2.1546,1.3881,19.6136,12.6363,0.39139,1.4390,18.6921
tx_wg_rockydirt_01_paramh.dds,4096,0.7550,78.040,0.3087,0.2919,1.1301,1.2635,7.1836,8.0321,0.46791,0.1938,5.7493
tx_wood_blackwood_paramh.dds,4096,3.4893,30.281,0.5276,0.8952,4.1453,1.4401,42.2710,14.6849,0.35532,3.7185,44.2009
tx_wood_cherryfaded_paramh.dds,4096,1.2215,49.158,0.3273,0.3261,1.2590,1.2681,12.4602,12.5503,0.36002,0.4192,11.3087
tx_wood_greyplanks_paramh.dds,4096,0.3171,90.834,0.2904,0.1302,0.2163,1.0762,0.8506,4.2324,0.59659,-0.6463,-0.4466
tx_wood_hull09_paramh.dds,4096,0.3171,90.834,0.2904,0.1302,0.2163,1.0762,0.8506,4.2324,0.59659,-0.6463,-0.4466
tx_wood_hull10_paramh.dds,4096,0.3171,90.834,0.2904,0.1302,0.2163,1.0762,0.8506,4.2324,0.59659,-0.6463,-0.4466
tx_wood_hull11_paramh.dds,4096,0.3171,90.834,0.2904,0.1302,0.2163,1.0762,0.8506,4.2324,0.59659,-0.6463,-0.4466
tx_wood_hull12_paramh.dds,4096,0.3171,90.834,0.2904,0.1302,0.2163,1.0762,0.8506,4.2324,0.59659,-0.6463,-0.4466
tx_wood_hull13_paramh.dds,4096,0.3171,90.834,0.2904,0.1302,0.2163,1.0762,0.8506,4.2324,0.59659,-0.6463,-0.4466
tx_wood_hull14_paramh.dds,4096,0.3171,90.834,0.2904,0.1302,0.2163,1.0762,0.8506,4.2324,0.59659,-0.6463,-0.4466
tx_wood_hull15_paramh.dds,4096,0.3171,90.834,0.2904,0.1302,0.2163,1.0762,0.8506,4.2324,0.59659,-0.6463,-0.4466
tx_wood_hull16_paramh.dds,4096,0.3171,90.834,0.2904,0.1302,0.2163,1.0762,0.8506,4.2324,0.59659,-0.6463,-0.4466
tx_wood_siding_01_paramh.dds,4096,0.9748,57.350,0.4975,0.6237,2.2961,1.4611,32.1180,20.4377,0.22708,1.5115,29.6921
tx_wood_siding_paramh.dds,4096,0.9748,57.350,0.4975,0.6237,2.2961,1.4611,32.1180,20.4377,0.22708,1.5115,29.6921
tx_wood_weathered_rings_paramh.dds,4096,1.1191,69.931,0.3241,0.3772,1.8473,1.3643,14.9036,11.0067,0.44863,1.0765,13.5669
tx_wood_wethered_paramh.dds,4096,3.4893,30.281,0.5276,0.8952,4.1453,1.4401,42.2710,14.6849,0.35532,3.7185,44.2009
tx_wood_wethered_paramh_np.dds,4096,3.4893,30.281,0.5276,0.8952,4.1453,1.4401,42.2710,14.6849,0.35532,3.7185,44.2009
